pkg, A_mk_path, B_mk_path, A_license, B_license, A_version, B_version, status
acl-manager, feeds/feed_prpl/ambiorix/apps/acl-manager/Makefile, feeds/feed_amx/apps/acl-manager/Makefile, BSD-2-Clause-Patent, BSD-2-Clause-Patent, v0.6.5-1, v0.7.0-1, diff
amxb-inspect, feeds/feed_prpl/ambiorix/apps/amxb-inspect/Makefile, feeds/feed_amx/apps/amxb-inspect/Makefile, BSD-2-Clause-Patent, BSD-2-Clause-Patent, v1.2.1-1, v1.2.1-1, same
amx-cli, feeds/feed_prpl/ambiorix/apps/amx-cli/Makefile, feeds/feed_amx/apps/amx-cli/Makefile, BSD-2-Clause-Patent, BSD-2-Clause-Patent, v0.4.2-1, v0.5.1-1, diff
amx-faultmonitor, , feeds/feed_debug/plugins/amx-faultmonitor/Makefile, , BSD-2-Clause-Patent, , v1.0.9-1, B only
amx-fcgi, feeds/feed_prpl/ambiorix/apps/amx-fcgi/Makefile, feeds/feed_amx/apps/amx-fcgi/Makefile, BSD-2-Clause-Patent, BSD-2-Clause-Patent, v1.3.7-1, v1.3.9-1, diff
amxo-cg, feeds/feed_prpl/ambiorix/apps/amxo-cg/Makefile, feeds/feed_amx/apps/amxo-cg/Makefile, BSD-2-Clause-Patent, BSD-2-Clause-Patent, v1.2.14-1, v1.5.4-1, diff
amx-processmonitor, feeds/feed_prpl/network/plugins/amx-processmonitor/Makefile, feeds/feed_net_services/plugins/amx-processmonitor/Makefile, BSD-2-Clause-Patent, BSD-2-Clause-Patent, v0.2.0-1, v0.2.4-1, diff
amxrt, feeds/feed_prpl/ambiorix/apps/amxrt/Makefile, feeds/feed_amx/apps/amxrt/Makefile, BSD-2-Clause-Patent, BSD-2-Clause-Patent, v2.1.2-1, v2.2.0-1, diff
board-configurator, , feeds/feed_board_configuration/utilities/board-configurator/Makefile, , BSD-2-Clause-Patent, , v1.9.3-1, B only
chrony-prpl, , feeds/feed_opensource/packages/net/chrony-prpl/Makefile, , GPL-2.0, , gen_4.4_v0.1.0-1, B only
cthulhu, feeds/feed_prpl/lcm/apps/cthulhu/Makefile, feeds/feed_lcm/apps/cthulhu/Makefile, BSD-2-Clause-Patent, BSD-2-Clause-Patent, v3.5.1-1, v3.9.0-1, diff
cthulhu-dhcpc, feeds/feed_prpl/lcm/plugins/cthulhu/cthulhu-dhcpc/Makefile, feeds/feed_lcm/plugins/cthulhu/cthulhu-dhcpc/Makefile, BSD-2-Clause-Patent, BSD-2-Clause-Patent, v1.2.3-1, v1.3.0-1, diff
cthulhu-lxc, feeds/feed_prpl/lcm/mods/cthulhu-lxc/Makefile, feeds/feed_lcm/mods/cthulhu-lxc/Makefile, BSD-2-Clause-Patent, BSD-2-Clause-Patent, v0.9.3-1, v0.10.0-1, diff
cthulhu-networking, feeds/feed_prpl/lcm/plugins/cthulhu/cthulhu-networking/Makefile, feeds/feed_lcm/plugins/cthulhu/cthulhu-networking/Makefile, BSD-2-Clause-Patent, BSD-2-Clause-Patent, v0.1.5-1, v0.2.4-1, diff
cthulhu-onboarding, , feeds/feed_lcm/plugins/cthulhu/cthulhu-onboarding/Makefile, , BSD-2-Clause-Patent, , v1.0.0-1, B only
cthulhu-plugin-usp, , feeds/feed_lcm/plugins/cthulhu/cthulhu-plugin-usp/Makefile, , BSD-2-Clause-Patent, , v0.2.2-1, B only
debug-information, feeds/feed_prpl/network/utilities/debug-information/Makefile, feeds/feed_debug/utilities/debug-information/Makefile, BSD-2-Clause-Patent, BSD-2-Clause-Patent, v0.1.18-1, v0.1.21-1, diff
deviceinfo-manager, feeds/feed_prpl/network/plugins/deviceinfo-manager/Makefile, feeds/feed_net_services/plugins/deviceinfo-manager/Makefile, BSD-2-Clause-Patent, BSD-2-Clause-Patent, v2.33.11-1, v2.33.33-1, diff
dhcpv4-manager, feeds/feed_prpl/network/plugins/dhcpv4-manager/Makefile, feeds/feed_net_core/plugins/dhcpv4-manager/Makefile, BSD-2-Clause-Patent, BSD-2-Clause-Patent, v2.7.0-1, v2.12.14-1, diff
dhcpv6s-manager, feeds/feed_prpl/network/plugins/dhcpv6s-manager/Makefile, feeds/feed_net_core/plugins/dhcpv6s-manager/Makefile, BSD-2-Clause-Patent, BSD-2-Clause-Patent, v0.16.1-1, v0.20.8-1, diff
dmtui, , feeds/feed_amx/apps/dmtui/Makefile, , BSD-2-Clause-Patent, , v0.3.3-1, B only
dnsmasq-prpl, , feeds/feed_opensource/base/network/services/dnsmasq-prpl/Makefile, , GPL-2.0, , gen_2.90_v0.2.3-1, B only
ethernet-manager, feeds/feed_prpl/network/plugins/ethernet-manager/Makefile, feeds/feed_net_core/plugins/ethernet-manager/Makefile, BSD-2-Clause-Patent, BSD-2-Clause-Patent, v1.20.1-1, v1.21.11-1, diff
fcgi, feeds/feed_prpl/libs/fcgi/Makefile, feeds/feed_opensource/sah/fcgi/Makefile, MIT, MIT, 2.4.2-1, 2.4.2-1, same
fcgixx, feeds/feed_prpl/libs/fcgi/Makefile, feeds/feed_opensource/sah/fcgi/Makefile, MIT, MIT, 2.4.2-1, 2.4.2-1, same
gmap-client, feeds/feed_prpl/gmap/apps/gmap-client/Makefile, feeds/feed_gmap/apps/gmap-client/Makefile, BSD-2-Clause-Patent, BSD-2-Clause-Patent, v1.2.1-1, v1.3.1-1, diff
gmap-mibs-common, feeds/feed_prpl/gmap/configs/gmap-mibs-common/Makefile, feeds/feed_gmap/configs/gmap-mibs-common/Makefile, BSD-2-Clause-Patent, BSD-2-Clause-Patent, v0.14.0-1, v0.24.2-1, diff
gmap-mod-ethernet-dev, feeds/feed_prpl/gmap/apps/gmap-mod-ethernet-dev/Makefile, feeds/feed_gmap/apps/gmap-mod-ethernet-dev/Makefile, BSD-2-Clause-Patent, BSD-2-Clause-Patent, v1.16.1-1, v1.20.0-1, diff
gmap-mod-mdns, , feeds/feed_gmap/apps/gmap-mod-mdns/Makefile, , SAH, , v0.1.5-1, B only
gmap-mod-name-selector, feeds/feed_prpl/gmap/apps/gmap-mod-name-selector/Makefile, feeds/feed_gmap/apps/gmap-mod-name-selector/Makefile, BSD-2-Clause-Patent, BSD-2-Clause-Patent, v1.0.1-1, v1.0.2-1, diff
gmap-mod-self, feeds/feed_prpl/gmap/apps/gmap-mod-self/Makefile, feeds/feed_gmap/apps/gmap-mod-self/Makefile, BSD-2-Clause-Patent, BSD-2-Clause-Patent, v1.4.4-1, v1.7.0-1, diff
gmap-mod-services-db, , feeds/feed_gmap/apps/gmap-mod-services-db/Makefile, , BSD-2-Clause-Patent, , v0.2.5-1, B only
gmap-mod-upnp, , feeds/feed_gmap/apps/gmap-mod-upnp/Makefile, , SAH, , v0.3.0-1, B only
gmap-server, feeds/feed_prpl/gmap/apps/gmap-server/Makefile, feeds/feed_gmap/apps/gmap-server/Makefile, BSD-2-Clause-Patent, BSD-2-Clause-Patent, v2.2.16-1, v2.14.0-1, diff
hosts-manager, feeds/feed_prpl/network/plugins/hosts-manager/Makefile, feeds/feed_net_hl_services/plugins/hosts-manager/Makefile, BSD-2-Clause-Patent, BSD-2-Clause-Patent, v0.3.3-1, v0.9.1-1, diff
image-authentication, , feeds/feed_lcm/plugins/rlyeh/image-authentication/Makefile, , BSD-2-Clause-Patent, , v0.1.0-1, B only
ip-manager, feeds/feed_prpl/network/plugins/ip-manager/Makefile, feeds/feed_net_core/plugins/ip-manager/Makefile, BSD-2-Clause-Patent, BSD-2-Clause-Patent, v1.41.5-1, v1.47.6-1, diff
libamxa, feeds/feed_prpl/ambiorix/libs/libamxa/Makefile, feeds/feed_amx/libs/libamxa/Makefile, BSD-2-Clause-Patent, BSD-2-Clause-Patent, v0.10.29-1, v0.11.1-1, diff
libamxb, feeds/feed_prpl/ambiorix/libs/libamxb/Makefile, feeds/feed_amx/libs/libamxb/Makefile, BSD-2-Clause-Patent, BSD-2-Clause-Patent, v4.7.21-1, v4.11.1-1, diff
libamxc, feeds/feed_prpl/ambiorix/libs/libamxc/Makefile, feeds/feed_amx/libs/libamxc/Makefile, BSD-2-Clause-Patent, BSD-2-Clause-Patent, v1.10.0-1, v2.1.0-1, diff
libamxd, feeds/feed_prpl/ambiorix/libs/libamxd/Makefile, feeds/feed_amx/libs/libamxd/Makefile, BSD-2-Clause-Patent, BSD-2-Clause-Patent, v6.1.2-1, v6.5.5-1, diff
libamxj, feeds/feed_prpl/ambiorix/libs/libamxj/Makefile, feeds/feed_amx/libs/libamxj/Makefile, BSD-2-Clause-Patent, BSD-2-Clause-Patent, v0.3.63-1, v1.0.3-1, diff
libamxm, feeds/feed_prpl/ambiorix/libs/libamxm/Makefile, feeds/feed_amx/libs/libamxm/Makefile, BSD-2-Clause-Patent, BSD-2-Clause-Patent, v0.0.62-1, v0.1.0-1, diff
libamx-mqtt-client, , feeds/feed_net_core/libs/libamx-mqtt-client/Makefile, , SAH, , v0.2.5-1, B only
libamxo, feeds/feed_prpl/ambiorix/libs/libamxo/Makefile, feeds/feed_amx/libs/libamxo/Makefile, BSD-2-Clause-Patent, BSD-2-Clause-Patent, v4.2.6-1, v5.0.2-1, diff
libamxp, feeds/feed_prpl/ambiorix/libs/libamxp/Makefile, feeds/feed_amx/libs/libamxp/Makefile, BSD-2-Clause-Patent, BSD-2-Clause-Patent, v1.3.1-1, v2.3.0-1, diff
libamxrt, feeds/feed_prpl/ambiorix/libs/libamxrt/Makefile, feeds/feed_amx/libs/libamxrt/Makefile, BSD-2-Clause-Patent, BSD-2-Clause-Patent, v0.3.6-1, v0.6.3-1, diff
libamxs, feeds/feed_prpl/ambiorix/libs/libamxs/Makefile, feeds/feed_amx/libs/libamxs/Makefile, BSD-2-Clause-Patent, BSD-2-Clause-Patent, v0.4.8-1, v0.6.4-1, diff
libamxt, feeds/feed_prpl/ambiorix/libs/libamxt/Makefile, feeds/feed_amx/libs/libamxt/Makefile, BSD-2-Clause-Patent, BSD-2-Clause-Patent, v0.2.25-1, v1.0.0-1, diff
libamxtui, , feeds/feed_amx/libs/libamxtui/Makefile, , BSD-2-Clause-Patent, , v0.1.7-1, B only
libbart, , feeds/feed_net_services/libs/libbart/Makefile, , BSD-2-Clause-Patent, , v1.4.2-1, B only
libbotan, , feeds/feed_opensource/sah/botan/Makefile, , BSD-2-Clause, , 2.19.4-3, B only
libcthulhu, feeds/feed_prpl/lcm/libs/libcthulhu/Makefile, feeds/feed_lcm/libs/libcthulhu/Makefile, BSD-2-Clause-Patent, BSD-2-Clause-Patent, v0.25.1-1, v0.27.0-1, diff
libdhcpoptions, feeds/feed_prpl/network/libs/libdhcpoptions/Makefile, feeds/feed_netmodel/libs/libdhcpoptions/Makefile, BSD-2-Clause-Patent, BSD-2-Clause-Patent, v0.6.0-1, v0.6.0-1, same
libdiscoping, feeds/feed_prpl/network/libs/libdiscoping/Makefile, feeds/feed_net_services/libs/libdiscoping/Makefile, BSD-2-Clause-Patent, BSD-2-Clause-Patent, v0.10.0-1, v0.11.0-1, diff
libfiletransfer, feeds/feed_prpl/network/libs/libfiletransfer/Makefile, feeds/feed_net_services/libs/libfiletransfer/Makefile, BSD-2-Clause-Patent, BSD-2-Clause-Patent, v1.3.0-1, v1.5.0-1, diff
libfwinterface, feeds/feed_prpl/network/libs/libfwinterface/Makefile, feeds/feed_qos_firewall/libs/libfwinterface/Makefile, BSD-2-Clause-Patent, BSD-2-Clause-Patent, v1.5.0-1, v1.6.8-1, diff
libfwrules, feeds/feed_prpl/network/libs/libfwrules/Makefile, feeds/feed_qos_firewall/libs/libfwrules/Makefile, BSD-2-Clause-Patent, BSD-2-Clause-Patent, v2.1.0-1, v2.8.0-1, diff
libgmap-client, feeds/feed_prpl/gmap/libs/libgmap-client/Makefile, feeds/feed_gmap/libs/libgmap-client/Makefile, BSD-2-Clause-Patent, BSD-2-Clause-Patent, v1.6.1-1, v1.7.1-1, diff
libgmap-ext, feeds/feed_prpl/gmap/libs/libgmap-ext/Makefile, feeds/feed_gmap/libs/libgmap-ext/Makefile, BSD-2-Clause-Patent, BSD-2-Clause-Patent, v1.0.0-1, v1.1.0-1, diff
libimtp, feeds/feed_prpl/usp/libs/libimtp/Makefile, feeds/feed_usp/libs/libimtp/Makefile, BSD-2-Clause-Patent, BSD-2-Clause-Patent, v2.1.0-1, v2.2.0-1, diff
libipat, feeds/feed_prpl/network/libs/libipat/Makefile, feeds/feed_net_core/libs/libipat/Makefile, BSD-2-Clause-Patent, BSD-2-Clause-Patent, v1.5.0-1, v1.7.1-1, diff
liblcm, feeds/feed_prpl/lcm/libs/liblcm/Makefile, feeds/feed_lcm/libs/liblcm/Makefile, BSD-2-Clause-Patent, BSD-2-Clause-Patent, v0.1.6-1, v0.2.5-1, diff
liblxc, , feeds/feed_opensource/packages/utils/lxc/Makefile, , LGPL-2.1-or-later, , 5.0.3-2, B only
libnemo-client, , feeds/feed_netmodel/libs/libnemo-client/Makefile, , BSD-2-Clause-Patent, , v0.4.2-1, B only
libnetlink-utils, feeds/feed_prpl/network/libs/libnetlink-utils/Makefile, feeds/feed_net_core/libs/libnetlink-utils/Makefile, BSD-2-Clause-Patent, BSD-2-Clause-Patent, v0.0.9-1, v0.1.2-1, diff
libnetmodel, feeds/feed_prpl/netmodel/libs/libnetmodel/Makefile, feeds/feed_netmodel/libs/libnetmodel/Makefile, BSD-2-Clause-Patent, BSD-2-Clause-Patent, v1.5.17-1, v1.5.17-1, same
libocispec, feeds/feed_prpl/lcm/libs/libocispec/Makefile, feeds/feed_lcm/libs/libocispec/Makefile, SAH, BSD-2-Clause-Patent, 2021-05-15-1, 2021-05-15-1, same
libpacket-interception, feeds/feed_prpl/network/libs/libpacket-interception/Makefile, feeds/feed_qos_firewall/libs/libpacket-interception/Makefile, BSD-2-Clause-Patent, BSD-2-Clause-Patent, v1.0.1-1, v1.0.4-1, diff
libpcp, feeds/feed_prpl/libs/libpcp/Makefile, feeds/feed_opensource/sah/libpcp/Makefile, BSD-2-Clause, BSD-2-Clause, 2022-02-22-1c783fb83516ebf10ebebd023a490255d35f34fd-1, 2022-02-22-1c783fb83516ebf10ebebd023a490255d35f34fd-1, same
libpeafowl, , feeds/feed_qos_firewall/libs/libpeafowl/Makefile, , MIT, , gen_1.1.4_v0.1.0, B only
libqoscommon, feeds/feed_prpl/network/libs/libqoscommon/Makefile, feeds/feed_qos_firewall/libs/libqoscommon/Makefile, BSD-2-Clause-Patent, BSD-2-Clause-Patent, v0.2.1-1, v0.3.0-1, diff
libqosmod, feeds/feed_prpl/network/libs/libqosmod/Makefile, feeds/feed_qos_firewall/libs/libqosmod/Makefile, BSD-2-Clause-Patent, BSD-2-Clause-Patent, v0.1.6-1, v0.1.6-1, same
libqosmodule, feeds/feed_prpl/network/libs/libqosmodule/Makefile, feeds/feed_qos_firewall/libs/libqosmodule/Makefile, BSD-2-Clause-Patent, BSD-2-Clause-Patent, v1.0.1-1, v1.0.1-1, same
libqosnode, feeds/feed_prpl/network/libs/libqosnode/Makefile, feeds/feed_qos_firewall/libs/libqosnode/Makefile, BSD-2-Clause-Patent, BSD-2-Clause-Patent, v1.3.0-1, v1.3.3-1, diff
librlyeh, feeds/feed_prpl/lcm/libs/librlyeh/Makefile, feeds/feed_lcm/libs/librlyeh/Makefile, BSD-2-Clause-Patent, BSD-2-Clause-Patent, v1.1.2-1, v1.2.0-1, diff
librnp, , feeds/feed_opensource/sah/librnp/Makefile, , BSD-2-Clause-NetBSD, , 0.17.1-1, B only
libsahtrace, feeds/feed_prpl/ambiorix/libs/libsahtrace/Makefile, feeds/feed_amx/libs/libsahtrace/Makefile, BSD-2-Clause-Patent, BSD-2-Clause-Patent, v1.14.0-1, v1.15.0-1, diff
libsexpp, , feeds/feed_opensource/sah/libsexpp/Makefile, , MIT, , 0.8.8-1, B only
libswl, , feeds/feed_wifi_swl/libs/libswl/Makefile, , SAH, , v6.3.0-1, B only
libswla, feeds/feed_prpl/prplmesh/libs/libswla/Makefile, feeds/feed_wifi_swl/libs/libswla/Makefile, BSD-2-Clause-Patent, BSD-2-Clause-Patent, v3.12.0-1, v3.12.2-1, diff
libswlc, feeds/feed_prpl/prplmesh/libs/libswlc/Makefile, feeds/feed_wifi_swl/libs/libswlc/Makefile, BSD-2-Clause-Patent, BSD-2-Clause-Patent, v5.20.0-1, v5.27.3-1, diff
libtr181-schedules, , feeds/feed_net_services/libs/libtr181-schedules/Makefile, , BSD-2-Clause-Patent, , v0.1.3-1, B only
libtr69-engine, feeds/feed_prpl/tr69/libraries/libtr69-engine/Makefile, feeds/feed_tr69/libs/libtr69-engine/Makefile, Apache-2.0, Apache-2.0, v0.8.5-1, v0.9.6-1, diff
libunbound-prpl, feeds/feed_prpl/backports/packages_22.03/unbound-prpl/Makefile, feeds/feed_opensource/packages/net/unbound-prpl/Makefile, BSD-3-Clause, BSD-3-Clause, v0.4.0-0, gen_1.18.0_v0.1.3-1, diff
libusp, feeds/feed_prpl/usp/libs/libusp/Makefile, feeds/feed_usp/libs/libusp/Makefile, BSD-2-Clause-Patent, BSD-2-Clause-Patent, v2.6.7-1, v2.7.2-1, diff
libuspi, feeds/feed_prpl/usp/libs/libuspi/Makefile, feeds/feed_usp/libs/libuspi/Makefile, BSD-2-Clause-Patent, BSD-2-Clause-Patent, v1.0.3-1, v1.1.0-1, diff
libuspprotobuf, feeds/feed_prpl/usp/libs/libuspprotobuf/Makefile, feeds/feed_usp/libs/libuspprotobuf/Makefile, BSD-3-Clause, BSD-3-Clause, v0.5.1-1, v0.5.2-1, diff
libwebsockets4-full, feeds/feed_prpl/backports/packages_22.03/libwebsockets4/Makefile, feeds/feed_opensource/packages/libs/libwebsockets4/Makefile, MIT, MIT, 4.2.1-2, 4.3.2-2, diff
libwebsockets4-mbedtls, feeds/feed_prpl/backports/packages_22.03/libwebsockets4/Makefile, feeds/feed_opensource/packages/libs/libwebsockets4/Makefile, MIT, MIT, 4.2.1-2, 4.3.2-2, diff
libwebsockets4-openssl, feeds/feed_prpl/backports/packages_22.03/libwebsockets4/Makefile, feeds/feed_opensource/packages/libs/libwebsockets4/Makefile, MIT, MIT, 4.2.1-2, 4.3.2-2, diff
lua-amx, feeds/feed_prpl/ambiorix/utilities/lua-amx/Makefile, feeds/feed_amx/utilities/lua-amx/Makefile, BSD-2-Clause-Patent, BSD-2-Clause-Patent, v0.3.15-1, v0.5.5-1, diff
lxc, , feeds/feed_opensource/packages/utils/lxc/Makefile, , LGPL-2.1-or-later, , 5.0.3-2, B only
lxc-attach, , feeds/feed_opensource/packages/utils/lxc/Makefile, , LGPL-2.1-or-later, , 5.0.3-2, B only
lxc-auto, , feeds/feed_opensource/packages/utils/lxc/Makefile, , LGPL-2.1-or-later, , 5.0.3-2, B only
lxc-autostart, , feeds/feed_opensource/packages/utils/lxc/Makefile, , LGPL-2.1-or-later, , 5.0.3-2, B only
lxc-cgroup, , feeds/feed_opensource/packages/utils/lxc/Makefile, , LGPL-2.1-or-later, , 5.0.3-2, B only
lxc-checkconfig, , feeds/feed_opensource/packages/utils/lxc/Makefile, , LGPL-2.1-or-later, , 5.0.3-2, B only
lxc-common, , feeds/feed_opensource/packages/utils/lxc/Makefile, , LGPL-2.1-or-later, , 5.0.3-2, B only
lxc-config, , feeds/feed_opensource/packages/utils/lxc/Makefile, , LGPL-2.1-or-later, , 5.0.3-2, B only
lxc-configs, , feeds/feed_opensource/packages/utils/lxc/Makefile, , LGPL-2.1-or-later, , 5.0.3-2, B only
lxc-console, , feeds/feed_opensource/packages/utils/lxc/Makefile, , LGPL-2.1-or-later, , 5.0.3-2, B only
lxc-copy, , feeds/feed_opensource/packages/utils/lxc/Makefile, , LGPL-2.1-or-later, , 5.0.3-2, B only
lxc-create, , feeds/feed_opensource/packages/utils/lxc/Makefile, , LGPL-2.1-or-later, , 5.0.3-2, B only
lxc-destroy, , feeds/feed_opensource/packages/utils/lxc/Makefile, , LGPL-2.1-or-later, , 5.0.3-2, B only
lxc-device, , feeds/feed_opensource/packages/utils/lxc/Makefile, , LGPL-2.1-or-later, , 5.0.3-2, B only
lxc-execute, , feeds/feed_opensource/packages/utils/lxc/Makefile, , LGPL-2.1-or-later, , 5.0.3-2, B only
lxc-freeze, , feeds/feed_opensource/packages/utils/lxc/Makefile, , LGPL-2.1-or-later, , 5.0.3-2, B only
lxc-hooks, , feeds/feed_opensource/packages/utils/lxc/Makefile, , LGPL-2.1-or-later, , 5.0.3-2, B only
lxc-info, , feeds/feed_opensource/packages/utils/lxc/Makefile, , LGPL-2.1-or-later, , 5.0.3-2, B only
lxc-init, , feeds/feed_opensource/packages/utils/lxc/Makefile, , LGPL-2.1-or-later, , 5.0.3-2, B only
lxc-ls, , feeds/feed_opensource/packages/utils/lxc/Makefile, , LGPL-2.1-or-later, , 5.0.3-2, B only
lxc-monitor, , feeds/feed_opensource/packages/utils/lxc/Makefile, , LGPL-2.1-or-later, , 5.0.3-2, B only
lxc-monitord, , feeds/feed_opensource/packages/utils/lxc/Makefile, , LGPL-2.1-or-later, , 5.0.3-2, B only
lxc-snapshot, , feeds/feed_opensource/packages/utils/lxc/Makefile, , LGPL-2.1-or-later, , 5.0.3-2, B only
lxc-start, , feeds/feed_opensource/packages/utils/lxc/Makefile, , LGPL-2.1-or-later, , 5.0.3-2, B only
lxc-stop, , feeds/feed_opensource/packages/utils/lxc/Makefile, , LGPL-2.1-or-later, , 5.0.3-2, B only
lxc-templates, , feeds/feed_opensource/packages/utils/lxc/Makefile, , LGPL-2.1-or-later, , 5.0.3-2, B only
lxc-top, , feeds/feed_opensource/packages/utils/lxc/Makefile, , LGPL-2.1-or-later, , 5.0.3-2, B only
lxc-unfreeze, , feeds/feed_opensource/packages/utils/lxc/Makefile, , LGPL-2.1-or-later, , 5.0.3-2, B only
lxc-unprivileged, , feeds/feed_opensource/packages/utils/lxc/Makefile, , LGPL-2.1-or-later, , 5.0.3-2, B only
lxc-unshare, , feeds/feed_opensource/packages/utils/lxc/Makefile, , LGPL-2.1-or-later, , 5.0.3-2, B only
lxc-user-nic, , feeds/feed_opensource/packages/utils/lxc/Makefile, , LGPL-2.1-or-later, , 5.0.3-2, B only
lxc-usernsexec, , feeds/feed_opensource/packages/utils/lxc/Makefile, , LGPL-2.1-or-later, , 5.0.3-2, B only
lxc-wait, , feeds/feed_opensource/packages/utils/lxc/Makefile, , LGPL-2.1-or-later, , 5.0.3-2, B only
miniupnpd2-iptables, feeds/feed_prpl/backports/packages_22.03/miniupnpd2/Makefile, , BSD-3-Clause, , 2.3.3-1, , A only
miniupnpd2-nftables, feeds/feed_prpl/backports/packages_22.03/miniupnpd2/Makefile, , BSD-3-Clause, , 2.3.3-1, , A only
miniupnpd-prpl, feeds/feed_prpl/backports/packages_22.03/miniupnpd-prpl/Makefile, feeds/feed_opensource/packages/net/miniupnpd-prpl/Makefile, BSD-3-Clause, BSD-3-Clause, gen_miniupnpd_2_3_3_v0.1.1-1, gen_miniupnpd_2_3_3_v0.3.9-1, diff
moca-manager, feeds/feed_prpl/network/plugins/moca-manager/Makefile, feeds/feed_net_core/plugins/moca-manager/Makefile, BSD-2-Clause-Patent, BSD-2-Clause-Patent, v0.3.4-1, v0.5.12-1, diff
mod-amxb-pcb, , feeds/feed_amx/mods/mod-amxb-pcb/Makefile, , BSD-2-Clause-Patent, , v3.12.0-1, B only
mod-amxb-ubus, feeds/feed_prpl/ambiorix/mods/mod-amxb-ubus/Makefile, feeds/feed_amx/mods/mod-amxb-ubus/Makefile, BSD-2-Clause-Patent, BSD-2-Clause-Patent, v3.1.28-1, v3.4.0-1, diff
mod-amxb-usp, feeds/feed_prpl/usp/mods/mod-amxb-usp/Makefile, feeds/feed_usp/mods/mod-amxb-usp/Makefile, BSD-2-Clause-Patent, BSD-2-Clause-Patent, v4.4.0-1, v5.1.2-1, diff
mod-autosensing, feeds/feed_prpl/network/mods/mod-autosensing/Makefile, feeds/feed_net_core/mods/mod-autosensing/Makefile, BSD-2-Clause-Patent, BSD-2-Clause-Patent, v0.2.1-1, v0.2.1-1, same
mod-ba-cli, feeds/feed_prpl/ambiorix/mods/mod-ba-cli/Makefile, feeds/feed_amx/mods/mod-ba-cli/Makefile, BSD-2-Clause-Patent, BSD-2-Clause-Patent, v0.9.0-1, v0.13.0-1, diff
mod-dhcpv4c, feeds/feed_prpl/network/mods/mod-dhcpv4c/Makefile, feeds/feed_net_core/mods/mod-dhcpv4c/Makefile, BSD-2-Clause-Patent, BSD-2-Clause-Patent, v0.13.5-1, v0.13.7-1, diff
mod-dm-cli, feeds/feed_prpl/ambiorix/mods/mod-dm-cli/Makefile, feeds/feed_amx/mods/mod-dm-cli/Makefile, BSD-2-Clause-Patent, BSD-2-Clause-Patent, v0.2.6-1, v0.2.6-1, same
mod-dmext, feeds/feed_prpl/network/mods/mod-dmext/Makefile, feeds/feed_net_services/mods/mod-dmext/Makefile, BSD-2-Clause-Patent, BSD-2-Clause-Patent, v0.6.0-1, v0.11.0-1, diff
mod-dmproxy, feeds/feed_prpl/network/mods/mod-dmproxy/Makefile, feeds/feed_net_services/mods/mod-dmproxy/Makefile, BSD-2-Clause-Patent, BSD-2-Clause-Patent, v1.4.1-1, v1.4.1-1, same
mod-dmstats, feeds/feed_prpl/network/mods/mod-dmstats/Makefile, feeds/feed_net_core/mods/mod-dmstats/Makefile, BSD-2-Clause-Patent, BSD-2-Clause-Patent, v0.1.3-1, v0.1.3-1, same
mod-dns-failover, , feeds/feed_net_services/mods/mod-dns-failover/Makefile, , SAH, , v1.0.2-1, B only
mod-dns-retry, , feeds/feed_net_services/mods/mod-dns-retry/Makefile, , BSD-2-Clause-Patent, , v3.0.2-1, B only
mod-dnssd-advertisement, , feeds/feed_net_services/mods/mod-dnssd-advertisement/Makefile, , BSD-2-Clause-Patent, , v0.4.5-1, B only
mod-dns-unbound, feeds/feed_prpl/network/mods/mod-dns-unbound/Makefile, feeds/feed_net_core/mods/mod-dns-unbound/Makefile, BSD-2-Clause-Patent, BSD-2-Clause-Patent, v1.6.1-1, v1.6.10-1, diff
mod-fw-amx, feeds/feed_prpl/network/mods/mod-fw-amx/Makefile, feeds/feed_qos_firewall/mods/mod-fw-amx/Makefile, BSD-2-Clause-Patent, BSD-2-Clause-Patent, v0.3.3-1, v0.3.4-1, diff
mod-fw-host, feeds/feed_prpl/network/mods/mod-fw-host/Makefile, feeds/feed_qos_firewall/mods/mod-fw-host/Makefile, BSD-2-Clause-Patent, BSD-2-Clause-Patent, v0.1.3-1, v0.1.3-1, same
mod-fwi-sysupgrade, , feeds/feed_net_services/mods/mod-fwi-sysupgrade/Makefile, , BSD-2-Clause-Patent, , v0.1.2-1, B only
mod-httpaccess-lighttpd, feeds/feed_prpl/network/mods/mod-httpaccess-lighttpd/Makefile, feeds/feed_net_services/mods/mod-httpaccess-lighttpd/Makefile, BSD-2-Clause-Patent, BSD-2-Clause-Patent, v0.1.8-1, v0.4.1-1, diff
mod-led-scenarios, , feeds/feed_peripheral/mods/mod-led-scenarios/Makefile, , BSD-2-Clause-Patent, , v0.7.2-1, B only
mod-logical-api, feeds/feed_prpl/network/mods/mod-logical-api/Makefile, feeds/feed_net_core/mods/mod-logical-api/Makefile, BSD-2-Clause-Patent, BSD-2-Clause-Patent, v0.6.4-1, v0.8.6-1, diff
mod-lua-amx, feeds/feed_prpl/ambiorix/mods/mod-lua-amx/Makefile, feeds/feed_amx/mods/mod-lua-amx/Makefile, BSD-2-Clause-Patent, BSD-2-Clause-Patent, v0.1.10-1, v0.1.11-1, diff
mod-netmodel, feeds/feed_prpl/netmodel/mods/mod-netmodel/Makefile, feeds/feed_netmodel/mods/mod-netmodel/Makefile, BSD-2-Clause-Patent, BSD-2-Clause-Patent, v0.5.2-1, v0.5.3-1, diff
mod-pcm-svc, feeds/feed_prpl/network/mods/mod-pcm-svc/Makefile, feeds/feed_net_services/mods/mod-pcm-svc/Makefile, BSD-2-Clause-Patent, BSD-2-Clause-Patent, v0.9.0-1, v0.13.3-1, diff
mod-ppp-daemon, feeds/feed_prpl/network/mods/mod-ppp-daemon/Makefile, feeds/feed_net_core/mods/mod-ppp-daemon/Makefile, BSD-2-Clause-Patent, BSD-2-Clause-Patent, v0.5.5-1, v0.5.11-1, diff
mod-qos-dummy, , feeds/feed_qos_firewall/mods/mod-qos-dummy/Makefile, , BSD-2-Clause-Patent, , v0.0.6-1, B only
mod-qos-tc, feeds/feed_prpl/network/mods/mod-qos-tc/Makefile, feeds/feed_qos_firewall/mods/mod-qos-tc/Makefile, BSD-2-Clause-Patent, BSD-2-Clause-Patent, v2.3.0-1, v2.3.1-1, diff
mod-ra-radvd, feeds/feed_prpl/network/mods/mod-ra-radvd/Makefile, feeds/feed_net_core/mods/mod-ra-radvd/Makefile, BSD-2-Clause-Patent, BSD-2-Clause-Patent, v0.4.1-1, v0.6.0-1, diff
mod-routing-dhcp, , feeds/feed_net_core/mods/mod-routing-dhcp/Makefile, , BSD-2-Clause-Patent, , v0.2.0-1, B only
mod-sahtrace, feeds/feed_prpl/network/mods/mod-sahtrace/Makefile, feeds/feed_net_services/mods/mod-sahtrace/Makefile, BSD-2-Clause-Patent, BSD-2-Clause-Patent, v1.1.0-1, v1.2.2-1, diff
mod-time-dhcpoption, , feeds/feed_net_services/mods/mod-time-dhcpoption/Makefile, , BSD-2-Clause-Patent, , v0.2.0-1, B only
mod-time-tr181-compat, , feeds/feed_net_services/mods/mod-time-tr181-compat/Makefile, , BSD-2-Clause-Patent, , v0.1.1-1, B only
mod-users-passwordvalidation, , feeds/feed_net_services/mods/mod-users-passwordvalidation/Makefile, , BSD-2-Clause-Patent, , v0.1.1-1, B only
mod-usp-cli, , feeds/feed_usp/mods/mod-usp-cli/Makefile, , , , v0.1.3-1, B only
mod-usp-onboarding, , feeds/feed_usp/mods/mod-usp-onboarding/Makefile, , , , v1.3.5-1, B only
mod-usp-registration, feeds/feed_prpl/usp/mods/mod-usp-registration/Makefile, feeds/feed_usp/mods/mod-usp-registration/Makefile, BSD-2-Clause-Patent, BSD-2-Clause-Patent, v0.1.1-1, v0.1.1-1, same
mod-vlan-ioctl, feeds/feed_prpl/network/mods/mod-vlan-ioctl/Makefile, feeds/feed_net_core/mods/mod-vlan-ioctl/Makefile, BSD-2-Clause-Patent, BSD-2-Clause-Patent, v0.1.7-1, v0.1.7-1, same
mod-vlan-uci, feeds/feed_prpl/network/mods/mod-vlan-uci/Makefile, feeds/feed_net_core/mods/mod-vlan-uci/Makefile, BSD-2-Clause-Patent, BSD-2-Clause-Patent, v0.1.4-1, v0.1.4-1, same
mod-whm-dummy, feeds/feed_prpl/prplmesh/modules/mod-whm-dummy/Makefile, feeds/feed_wifi_core/modules/mod-whm-dummy/Makefile, BSD-2-Clause-Patent, BSD-2-Clause-Patent, v0.1.1-1, v0.2.0-1, diff
mod-whm-freedom, feeds/feed_prpl/prplmesh/modules/mod-whm-freedom/Makefile, feeds/feed_prpl/prplmesh/modules/mod-whm-freedom/Makefile, BSD-2-Clause-Patent, BSD-2-Clause-Patent, 0.0.1-1, 0.0.1-1, same
mod-whm-haze, feeds/feed_prpl/prplmesh/modules/mod-whm-haze/Makefile, feeds/feed_prpl/prplmesh/modules/mod-whm-haze/Makefile, BSD-2-Clause-Patent, BSD-2-Clause-Patent, 0.0.1-1, 0.0.1-1, same
mod-whm-qca-ipq95xx, feeds/feed_prpl/prplmesh/modules/mod-whm-qca-ipq95xx/Makefile, feeds/feed_prpl/prplmesh/modules/mod-whm-qca-ipq95xx/Makefile, BSD-2-Clause-Patent, BSD-2-Clause-Patent, v0.1.0-1, v0.1.0-1, same
mod-xpon-prpl, feeds/feed_prpl/network/mods/mod-xpon-prpl/Makefile, feeds/feed_net_core/mods/mod-xpon-prpl/Makefile, BSD-2-Clause-Patent, BSD-2-Clause-Patent, v1.0.5-1, v1.0.6-1, diff
mod-xpon-prpl-mock, feeds/feed_prpl/network/mods/mod-xpon-prpl/Makefile, feeds/feed_net_core/mods/mod-xpon-prpl/Makefile, BSD-2-Clause-Patent, BSD-2-Clause-Patent, v1.0.5-1, v1.0.6-1, diff
multisettings, feeds/feed_prpl/network/plugins/multisettings/Makefile, feeds/feed_net_services/plugins/multisettings/Makefile, BSD-2-Clause-Patent, BSD-2-Clause-Patent, v0.9.1-1, v0.11.2-1, diff
netdev-plugin, feeds/feed_prpl/network/plugins/netdev-plugin/Makefile, feeds/feed_net_core/plugins/netdev-plugin/Makefile, BSD-2-Clause-Patent, BSD-2-Clause-Patent, v1.11.2-1, v1.11.10-1, diff
netmodel, feeds/feed_prpl/netmodel/plugins/netmodel/Makefile, feeds/feed_netmodel/plugins/netmodel/Makefile, BSD-2-Clause-Patent, BSD-2-Clause-Patent, v2.15.7-1, v2.17.0-1, diff
netmodel-bridge, feeds/feed_prpl/netmodel/libs/netmodel-bridge/Makefile, feeds/feed_netmodel/libs/netmodel-bridge/Makefile, BSD-2-Clause-Patent, BSD-2-Clause-Patent, v1.0.3-1, v1.0.4-1, diff
netmodel-clients, feeds/feed_prpl/netmodel/plugins/netmodel-clients/Makefile, feeds/feed_netmodel/plugins/netmodel-clients/Makefile, BSD-2-Clause-Patent, BSD-2-Clause-Patent, v0.2.0-1, v0.2.1-1, diff
netmodel-dhcpv4, feeds/feed_prpl/netmodel/libs/netmodel-dhcpv4/Makefile, feeds/feed_netmodel/libs/netmodel-dhcpv4/Makefile, BSD-2-Clause-Patent, BSD-2-Clause-Patent, v1.3.0-1, v1.3.0-1, same
netmodel-dhcpv6, feeds/feed_prpl/netmodel/libs/netmodel-dhcpv6/Makefile, feeds/feed_netmodel/libs/netmodel-dhcpv6/Makefile, BSD-2-Clause-Patent, BSD-2-Clause-Patent, v1.3.0-1, v1.3.0-1, same
netmodel-dslite, feeds/feed_prpl/netmodel/libs/netmodel-dslite/Makefile, feeds/feed_netmodel/libs/netmodel-dslite/Makefile, BSD-2-Clause-Patent, BSD-2-Clause-Patent, v0.1.3-1, v0.1.3-1, same
netmodel-ethernet, feeds/feed_prpl/netmodel/libs/netmodel-ethernet/Makefile, feeds/feed_netmodel/libs/netmodel-ethernet/Makefile, BSD-2-Clause-Patent, BSD-2-Clause-Patent, v1.0.3-1, v1.0.3-1, same
netmodel-ip, feeds/feed_prpl/netmodel/libs/netmodel-ip/Makefile, feeds/feed_netmodel/libs/netmodel-ip/Makefile, BSD-2-Clause-Patent, BSD-2-Clause-Patent, v1.4.0-1, v1.4.0-1, same
netmodel-iprouter, feeds/feed_prpl/netmodel/libs/netmodel-iprouter/Makefile, feeds/feed_netmodel/libs/netmodel-iprouter/Makefile, BSD-2-Clause-Patent, BSD-2-Clause-Patent, v0.3.0-1, v0.3.1-1, diff
netmodel-logical, feeds/feed_prpl/netmodel/libs/netmodel-logical/Makefile, feeds/feed_netmodel/libs/netmodel-logical/Makefile, BSD-2-Clause-Patent, BSD-2-Clause-Patent, v1.0.2-1, v1.0.2-1, same
netmodel-moca, , feeds/feed_netmodel/libs/netmodel-moca/Makefile, , BSD-2-Clause-Patent, , v0.1.1-1, B only
netmodel-netdev, feeds/feed_prpl/netmodel/libs/netmodel-netdev/Makefile, feeds/feed_netmodel/libs/netmodel-netdev/Makefile, BSD-2-Clause-Patent, BSD-2-Clause-Patent, v1.0.4-1, v1.0.4-1, same
netmodel-ppp, feeds/feed_prpl/netmodel/libs/netmodel-ppp/Makefile, feeds/feed_netmodel/libs/netmodel-ppp/Makefile, BSD-2-Clause-Patent, BSD-2-Clause-Patent, v0.2.1-1, v0.2.1-1, same
netmodel-radio, feeds/feed_prpl/netmodel/libs/netmodel-radio/Makefile, feeds/feed_netmodel/libs/netmodel-radio/Makefile, BSD-2-Clause-Patent, BSD-2-Clause-Patent, v0.1.2-1, v0.1.2-1, same
netmodel-ssid, feeds/feed_prpl/netmodel/libs/netmodel-ssid/Makefile, feeds/feed_netmodel/libs/netmodel-ssid/Makefile, BSD-2-Clause-Patent, BSD-2-Clause-Patent, v0.1.2-1, v0.1.3-1, diff
netmodel-vlan, feeds/feed_prpl/netmodel/libs/netmodel-vlan/Makefile, feeds/feed_netmodel/libs/netmodel-vlan/Makefile, BSD-2-Clause-Patent, BSD-2-Clause-Patent, v1.0.1-1, v1.0.1-1, same
netmodel-xpon, feeds/feed_prpl/netmodel/libs/netmodel-xpon/Makefile, feeds/feed_netmodel/libs/netmodel-xpon/Makefile, BSD-2-Clause-Patent, BSD-2-Clause-Patent, v0.1.1-1, v0.1.1-1, same
obuspa, feeds/feed_prpl/obuspa/Makefile, feeds/feed_usp/apps/obuspa/Makefile, BSD-3-Clause, BSD-3-Clause, v8.0.4-prpl-integration3-1, v8.0.7-1, diff
obuspa-usp-app, feeds/feed_prpl/usp/example/obuspa-usp-app/Makefile, feeds/feed_prpl/usp/example/obuspa-usp-app/Makefile, MIT, MIT, v1.0.0-1, v1.0.0-1, same
odl-generator, feeds/feed_prpl/network/utilities/odl-generator/Makefile, feeds/feed_board_configuration/utilities/odl-generator/Makefile, BSD-2-Clause-Patent, BSD-2-Clause-Patent, v1.7.0-1, v1.12.0-1, diff
oopsmonitor, , feeds/feed_debug/plugins/oopsmonitor/Makefile, , BSD-2-Clause-Patent, , v1.0.5-1, B only
opennds-prpl, feeds/feed_prpl/backports/packages_22.03/opennds-prpl/Makefile, feeds/feed_opensource/routing/opennds-prpl/Makefile, GPL-2.0-or-later, GPL-2.0-or-later, gen_10.1.3_v1.2.1-1, gen_10.2.0_v0.1.0-1, diff
packet-interception, feeds/feed_prpl/network/plugins/packet-interception/Makefile, feeds/feed_qos_firewall/plugins/packet-interception/Makefile, BSD-2-Clause-Patent, BSD-2-Clause-Patent, v0.0.14-1, v0.3.2-1, diff
pcm-manager, feeds/feed_prpl/network/plugins/pcm-manager/Makefile, feeds/feed_net_services/plugins/pcm-manager/Makefile, BSD-2-Clause-Patent, BSD-2-Clause-Patent, v0.16.1-1, v0.19.6-1, diff
pk_name, mk_path, mk_path, license, license, version, version, same
ppp-prpl, feeds/feed_prpl/backports/packages_22.03/ppp-prpl/Makefile, feeds/feed_opensource/base/network/services/ppp-prpl/Makefile, BSD-4-Clause, BSD-4-Clause, gen_2.4.9_v0.1.0-3, gen_2.4.9_v0.1.5-4, diff
prpl-configuration, , feeds/feed_prpl/prpl-configuration/Makefile, , BSD-2-Clause-Patent, , v0.2.0-1, B only
prpl-configuration-qca-ipq95xx, , feeds/feed_prpl/prpl-configuration/Makefile, , BSD-2-Clause-Patent, , v0.2.0-1, B only
prplmesh, feeds/feed_prpl/prplmesh/Makefile, feeds/feed_prpl/prplmesh/Makefile, , , 4.2.3-1, 4.2.6-1, diff
prplmesh-unit-tests, feeds/feed_prpl/prplmesh/Makefile, feeds/feed_prpl/prplmesh/Makefile, , , 4.2.3-1, 4.2.6-1, diff
prpl-webui, feeds/feed_prpl/network/utilities/prpl-webui/Makefile, feeds/feed_prpl/network/utilities/prpl-webui/Makefile, BSD-2-Clause-Patent, BSD-2-Clause-Patent, 0.2.7-1, 0.2.7-1, same
pwhm, feeds/feed_prpl/prplmesh/plugins/pwhm/Makefile, feeds/feed_wifi_core/plugins/pwhm/Makefile, BSD-2-Clause-Patent, BSD-2-Clause-Patent, v5.45.0-1, v6.29.2-1, diff
radvd, feeds/feed_prpl/network/opensource/radvd/Makefile, feeds/feed_opensource/sah/radvd/Makefile, , radvd, 2.19-2, 2.19-2, same
radvdump, feeds/feed_prpl/network/opensource/radvd/Makefile, feeds/feed_opensource/sah/radvd/Makefile, , radvd, 2.19-2, 2.19-2, same
reboot-service, , feeds/feed_peripheral/plugins/reboot-service/Makefile, , BSD-2-Clause-Patent, , v0.2.4-1, B only
rlyeh, feeds/feed_prpl/lcm/apps/rlyeh/Makefile, feeds/feed_lcm/apps/rlyeh/Makefile, BSD-2-Clause-Patent, BSD-2-Clause-Patent, v2.3.2-1, v2.4.0-1, diff
routing-manager, feeds/feed_prpl/network/plugins/routing-manager/Makefile, feeds/feed_net_core/plugins/routing-manager/Makefile, BSD-2-Clause-Patent, BSD-2-Clause-Patent, v1.16.2-1, v1.20.1-1, diff
ssh-client, , feeds/feed_net_services/plugins/ssh-client/Makefile, , SAH, , v1.0.6-1, B only
ssh-server, feeds/feed_prpl/network/plugins/ssh-server/Makefile, feeds/feed_net_services/plugins/ssh-server/Makefile, BSD-2-Clause-Patent, BSD-2-Clause-Patent, v0.5.4-1, v0.6.19-1, diff
station-sniffer, feeds/feed_prpl/station-sniffer/Makefile, feeds/feed_prpl/station-sniffer/Makefile, BSD-2-Clause, BSD-2-Clause, 2023-10-26-1, 2023-10-26-1, same
syslog-ng2, feeds/feed_prpl/backports/packages_22.03/syslog-ng2/Makefile, , LGPL-2.1-or-later, , 4.1.1-0, , A only
time-manager, feeds/feed_prpl/network/plugins/time-manager/Makefile, feeds/feed_net_services/plugins/time-manager/Makefile, BSD-2-Clause-Patent, BSD-2-Clause-Patent, v2.5.0-1, v2.7.4-1, diff
timingila, feeds/feed_prpl/lcm/apps/timingila/Makefile, feeds/feed_lcm/apps/timingila/Makefile, BSD-2-Clause-Patent, BSD-2-Clause-Patent, v2.0.2-1, v2.3.1-1, diff
timingila-cthulhu, feeds/feed_prpl/lcm/mods/timingila-cthulhu/Makefile, feeds/feed_lcm/mods/timingila-cthulhu/Makefile, BSD-2-Clause-Patent, BSD-2-Clause-Patent, v2.0.3-1, v2.2.0-1, diff
timingila-rlyeh, feeds/feed_prpl/lcm/mods/timingila-rlyeh/Makefile, feeds/feed_lcm/mods/timingila-rlyeh/Makefile, BSD-2-Clause-Patent, BSD-2-Clause-Patent, v1.0.5-1, v1.0.8-1, diff
tr069-manager, feeds/feed_prpl/tr69/plugins/tr069-manager/Makefile, feeds/feed_tr69/plugins/tr069-manager/Makefile, BSD-2-Clause-Patent, BSD-2-Clause-Patent, v1.31.3-1, v1.33.12-1, diff
tr157-cwmp-softwaremodules, , feeds/feed_tr69/plugins/tr157-cwmp-softwaremodules/Makefile, , BSD-2-Clause-Patent, , v0.2.0-1, B only
tr181-bridging, feeds/feed_prpl/network/plugins/tr181-bridging/Makefile, feeds/feed_net_core/plugins/tr181-bridging/Makefile, BSD-2-Clause-Patent, BSD-2-Clause-Patent, v2.3.4-1, v2.8.6-1, diff
tr181-bulkdata, , feeds/feed_net_services/plugins/tr181-bulkdata/Makefile, , BSD-2-Clause-Patent, , v0.6.2-1, B only
tr181-button, feeds/feed_prpl/network/plugins/tr181-button/Makefile, feeds/feed_peripheral/plugins/tr181-button/Makefile, BSD-2-Clause-Patent, BSD-2-Clause-Patent, v0.0.3-1, v0.1.1-1, diff
tr181-captiveportal, feeds/feed_prpl/network/plugins/tr181-captiveportal/Makefile, feeds/feed_net_hl_services/plugins/tr181-captiveportal/Makefile, BSD-2-Clause-Patent, BSD-2-Clause-Patent, v0.5.1-1, v0.5.4-1, diff
tr181-device, feeds/feed_prpl/network/plugins/tr181-device/Makefile, feeds/feed_net_services/plugins/tr181-device/Makefile, BSD-2-Clause-Patent, BSD-2-Clause-Patent, v0.28.0-1, v0.29.7-1, diff
tr181-dhcpv4client, feeds/feed_prpl/network/plugins/tr181-dhcpv4client/Makefile, feeds/feed_net_core/plugins/tr181-dhcpv4client/Makefile, BSD-2-Clause-Patent, BSD-2-Clause-Patent, v1.24.3-1, v1.26.9-1, diff
tr181-dhcpv4relay, , feeds/feed_net_core/plugins/tr181-dhcpv4relay/Makefile, , BSD-2-Clause-Patent, , v0.5.4-1, B only
tr181-dhcpv6client, feeds/feed_prpl/network/plugins/tr181-dhcpv6client/Makefile, feeds/feed_net_core/plugins/tr181-dhcpv6client/Makefile, BSD-2-Clause-Patent, BSD-2-Clause-Patent, v1.2.1-1, v1.5.7-1, diff
tr181-dns, feeds/feed_prpl/network/plugins/tr181-dns/Makefile, feeds/feed_net_core/plugins/tr181-dns/Makefile, BSD-2-Clause-Patent, BSD-2-Clause-Patent, v2.7.1-1, v3.3.0-1, diff
tr181-dnssd, feeds/feed_prpl/network/plugins/tr181-dnssd/Makefile, feeds/feed_net_services/plugins/tr181-dnssd/Makefile, BSD-2-Clause-Patent, BSD-2-Clause-Patent, v0.4.10-1, v0.5.8-1, diff
tr181-dslite, feeds/feed_prpl/network/plugins/tr181-dslite/Makefile, feeds/feed_net_core/plugins/tr181-dslite/Makefile, BSD-2-Clause-Patent, BSD-2-Clause-Patent, v0.8.2-1, v0.10.6-1, diff
tr181-dynamicdns, feeds/feed_prpl/network/plugins/tr181-dynamicdns/Makefile, feeds/feed_net_services/plugins/tr181-dynamicdns/Makefile, BSD-2-Clause-Patent, BSD-2-Clause-Patent, v1.2.1-1, v1.5.6-1, diff
tr181-firewall, feeds/feed_prpl/network/plugins/tr181-firewall/Makefile, feeds/feed_qos_firewall/plugins/tr181-firewall/Makefile, BSD-2-Clause-Patent, BSD-2-Clause-Patent, v6.13.5-1, v8.7.23-1, diff
tr181-httpaccess, feeds/feed_prpl/network/plugins/tr181-httpaccess/Makefile, feeds/feed_net_services/plugins/tr181-httpaccess/Makefile, BSD-2-Clause-Patent, BSD-2-Clause-Patent, v0.10.3-1, v0.15.7-1, diff
tr181-ipdiagnostics, feeds/feed_prpl/network/plugins/tr181-ipdiagnostics/Makefile, feeds/feed_net_services/plugins/tr181-ipdiagnostics/Makefile, BSD-2-Clause-Patent, BSD-2-Clause-Patent, v0.6.0-1, v0.9.20-1, diff
tr181-lanconfigsecurity, , feeds/feed_net_services/plugins/tr181-lanconfigsecurity/Makefile, , BSD-2-Clause-Patent, , v0.4.2-1, B only
tr181-led, feeds/feed_prpl/network/plugins/tr181-led/Makefile, feeds/feed_peripheral/plugins/tr181-led/Makefile, BSD-2-Clause-Patent, BSD-2-Clause-Patent, v0.4.7-1, v0.8.2-1, diff
tr181-localagent, , feeds/feed_usp/apps/tr181-localagent/Makefile, , BSD-2-Clause-Patent, , v2.7.5-1, B only
tr181-logical, feeds/feed_prpl/network/plugins/tr181-logical/Makefile, feeds/feed_net_core/plugins/tr181-logical/Makefile, BSD-2-Clause-Patent, BSD-2-Clause-Patent, v0.6.1-1, v0.8.1-1, diff
tr181-mqtt, , feeds/feed_net_services/plugins/tr181-mqtt/Makefile, , BSD-2-Clause-Patent, , v3.5.6-1, B only
tr181-mqttbroker, , feeds/feed_net_hl_services/plugins/tr181-mqttbroker/Makefile, , BSD-2-Clause-Patent, , v0.0.29-1, B only
tr181-neighbordiscovery, feeds/feed_prpl/network/plugins/tr181-neighbordiscovery/Makefile, feeds/feed_net_core/plugins/tr181-neighbordiscovery/Makefile, BSD-2-Clause-Patent, BSD-2-Clause-Patent, v0.8.2-1, v1.1.6-1, diff
tr181-pcp, feeds/feed_prpl/network/plugins/tr181-pcp/Makefile, feeds/feed_qos_firewall/plugins/tr181-pcp/Makefile, BSD-2-Clause-Patent, BSD-2-Clause-Patent, v0.7.2-1, v0.10.1-1, diff
tr181-ppp, feeds/feed_prpl/network/plugins/tr181-ppp/Makefile, feeds/feed_net_core/plugins/tr181-ppp/Makefile, BSD-2-Clause-Patent, BSD-2-Clause-Patent, v0.13.4-1, v0.15.8-1, diff
tr181-qos, feeds/feed_prpl/network/plugins/tr181-qos/Makefile, feeds/feed_qos_firewall/plugins/tr181-qos/Makefile, BSD-2-Clause-Patent, BSD-2-Clause-Patent, v3.3.12-1, v4.2.3-1, diff
tr181-rest-api, feeds/feed_prpl/network/utilities/tr181-rest-api/Makefile, feeds/feed_prpl/network/utilities/tr181-rest-api/Makefile, BSD-2-Clause-Patent, BSD-2-Clause-Patent, v0.1.1-1, v0.1.1-1, same
tr181-routeradvertisement, feeds/feed_prpl/network/plugins/tr181-routeradvertisement/Makefile, feeds/feed_net_core/plugins/tr181-routeradvertisement/Makefile, BSD-2-Clause-Patent, BSD-2-Clause-Patent, v0.14.6-1, v0.18.6-1, diff
tr181-schedules, , feeds/feed_net_services/plugins/tr181-schedules/Makefile, , BSD-2-Clause-Patent, , v1.0.1-1, B only
tr181-security, feeds/feed_prpl/network/plugins/tr181-security/Makefile, feeds/feed_net_services/plugins/tr181-security/Makefile, BSD-2-Clause-Patent, BSD-2-Clause-Patent, v0.3.0-1, v0.4.6-1, diff
tr181-syslog, feeds/feed_prpl/network/plugins/tr181-syslog/Makefile, feeds/feed_net_services/plugins/tr181-syslog/Makefile, BSD-2-Clause-Patent, BSD-2-Clause-Patent, v1.5.4-1, v1.6.6-1, diff
tr181-uds, , feeds/feed_usp/apps/tr181-uds/Makefile, , BSD-2-Clause-Patent, , v0.2.1-1, B only
tr181-upnp, feeds/feed_prpl/network/plugins/tr181-upnp/Makefile, feeds/feed_net_services/plugins/tr181-upnp/Makefile, BSD-2-Clause-Patent, BSD-2-Clause-Patent, v0.6.4-1, v0.10.11-1, diff
tr181-upnpdiscovery, , feeds/feed_net_services/plugins/tr181-upnpdiscovery/Makefile, , BSD-2-Clause-Patent, , v0.6.9-1, B only
tr181-usb, , feeds/feed_net_core/plugins/tr181-usb/Makefile, , BSD-2-Clause-Patent, , v0.9.2-1, B only
tr181-usermanagement, feeds/feed_prpl/network/plugins/tr181-usermanagement/Makefile, feeds/feed_net_services/plugins/tr181-usermanagement/Makefile, BSD-2-Clause-Patent, BSD-2-Clause-Patent, v0.14.1-1, v0.23.9-1, diff
tr181-uspservices, , feeds/feed_usp/apps/tr181-uspservices/Makefile, , BSD-2-Clause-Patent, , v0.3.2-1, B only
tr181-xpon, feeds/feed_prpl/network/plugins/tr181-xpon/Makefile, feeds/feed_net_core/plugins/tr181-xpon/Makefile, BSD-2-Clause-Patent, BSD-2-Clause-Patent, v1.4.0-1, v1.4.5-1, diff
umdns-prpl, , feeds/feed_opensource/base/network/services/umdns-prpl/Makefile, , LGPL-2.1, , gen_d45c443_v0.2.3-5, B only
unbound-daemon-prpl, feeds/feed_prpl/backports/packages_22.03/unbound-prpl/Makefile, feeds/feed_opensource/packages/net/unbound-prpl/Makefile, BSD-3-Clause, BSD-3-Clause, v0.4.0-0, gen_1.18.0_v0.1.3-1, diff
uriparser, feeds/feed_prpl/ambiorix/libs/uriparser/Makefile, feeds/feed_amx/libs/uriparser/Makefile, BSD-3-Clause, BSD-3-Clause, 0.9.3-1, 0.9.3-1, same
uspagent, , feeds/feed_usp/apps/uspagent/Makefile, , BSD-2-Clause-Patent, , v4.6.10-1, B only
usp-endpoint, , feeds/feed_usp/apps/usp-endpoint/Makefile, , BSD-2-Clause-Patent, , v2.0.8-1, B only
wan-autosensing, feeds/feed_prpl/network/plugins/wan-autosensing/Makefile, , BSD-2-Clause-Patent, , v0.3.0-1, , A only
wan-manager, feeds/feed_prpl/network/plugins/wan-manager/Makefile, feeds/feed_net_core/plugins/wan-manager/Makefile, BSD-2-Clause-Patent, BSD-2-Clause-Patent, v1.1.0-1, v1.6.8-1, diff
